,Res. Name 1,Res. Number 1,Chain 1,Res. Name 2,Res. Number 2,Chain 2,Atom 1,Atom 2,Distance (Å),Atom 1 org name,Atom 2 org name,Type of Interactions
31,TRP,13,A,LYS,301,B,CZ2,NZ,4.44,A,B,
198,PRO,202,A,ASP,216,B,O,OD1,5.0,A,B,
343,ARG,207,A,ARG,220,B,CG,NH1,4.26,A,B,
414,ARG,207,A,ARG,219,B,NH2,NH2,3.55,A,B,
497,ASP,216,A,PRO,202,B,OD2,O,4.99,A,B,
509,ASP,216,A,ASN,224,B,OD2,OD1,4.3,A,B,
668,ARG,219,A,ARG,207,B,NH2,O,3.51,A,B,
749,ARG,219,A,VAL,223,B,O,O,4.58,A,B,
766,ARG,219,A,VAL,226,B,O,N,4.8,A,B,
787,ARG,220,A,ARG,225,B,N,N,4.85,A,B,
1097,ARG,220,A,ARG,207,B,NH2,NE,3.26,A,B,
1149,ARG,220,A,VAL,223,B,C,O,3.6,A,B,
1212,PHE,221,A,ASN,224,B,N,CA,4.93,A,B,
1290,PHE,221,A,PHE,221,B,O,O,4.06,A,B,
1382,LEU,222,A,ILE,215,B,CD1,CD,4.5,A,B,
1386,LEU,222,A,ARG,220,B,CD1,CG,4.01,A,B,
1403,LEU,222,A,LEU,222,B,CD1,CB,4.07,A,B,
1621,VAL,223,A,MET,239,B,CG2,SD,3.97,A,B,
1672,VAL,223,A,ARG,219,B,O,O,4.51,A,B,
1809,ASN,224,A,ASP,216,B,OD1,OD1,4.69,A,B,
1815,ASN,224,A,ARG,219,B,OD1,O,3.27,A,B,
2039,ARG,225,A,ARG,220,B,NH1,NH1,4.34,A,B,
2200,VAL,226,A,ARG,219,B,N,O,4.56,A,B,
2348,GLN,227,A,GLN,379,B,NE2,NE2,3.63,A,B,
2404,GLN,227,A,GLU,375,B,O,CD,3.71,A,B,
2435,ASP,228,A,GLU,375,B,CA,OE1,4.9,A,B,
2457,HIS,229,A,GLU,375,B,CB,OE2,3.82,A,B,
2487,HIS,229,A,PRO,371,B,NE2,CB,4.74,A,B,
2492,HIS,229,A,TRP,317,B,CD2,CZ3,4.28,A,B,
2556,SER,232,A,ASN,240,B,OG,OD1,4.58,A,B,
2557,SER,232,A,ARG,378,B,OG,NH1,4.23,A,B,
2588,ARG,233,A,TYR,236,B,N,OH,3.67,A,B,
2621,VAL,235,A,MET,239,B,CG1,CE,4.04,A,B,
2829,TYR,236,A,SER,232,B,OH,CB,3.44,A,B,
2836,TYR,236,A,ARG,233,B,OH,N,3.49,A,B,
2946,MET,239,A,TYR,236,B,SD,CD1,5.0,A,B,
2950,MET,239,A,VAL,223,B,CE,CG1,4.16,A,B,
2959,MET,239,A,MET,239,B,CE,SD,3.86,A,B,
3044,ASN,240,A,SER,232,B,OD1,OG,4.08,A,B,
3084,ASP,267,A,TRP,13,B,CB,CZ2,3.95,A,B,
3160,GLY,274,A,LEU,2,B,O,CD1,4.72,A,B,
3186,LYS,275,A,PRO,1,B,CB,CG,4.19,A,B,
3258,ALA,278,A,LEU,2,B,CB,CD1,4.08,A,B,
3312,LEU,293,A,LEU,30,B,O,CD1,3.77,A,B,
3316,ARG,294,A,LEU,30,B,N,CD1,4.4,A,B,
3357,ARG,294,A,ILE,230,B,NH2,CD,4.95,A,B,
3416,GLN,299,A,ILE,12,B,CG,CD,4.49,A,B,
3443,GLN,299,A,LYS,11,B,O,O,4.24,A,B,
3455,GLN,299,A,TRP,13,B,O,CD1,3.62,A,B,
3501,LEU,300,A,THR,358,B,CD1,OG1,4.26,A,B,
3536,LEU,300,A,TRP,13,B,C,CD1,3.72,A,B,
3885,ILE,304,A,VAL,14,B,CG2,CA,4.93,A,B,
3888,ILE,304,A,PRO,15,B,CG2,CD,4.28,A,B,
3983,ILE,304,A,TRP,13,B,CG1,O,4.07,A,B,
4109,GLN,305,A,LEU,4,B,CG,CD1,4.17,A,B,
4174,GLN,305,A,PRO,1,B,NE2,O,4.69,A,B,
4182,GLN,305,A,GLU,3,B,NE2,N,4.99,A,B,
4323,GLU,308,A,LEU,4,B,CG,CD2,4.74,A,B,
4446,GLU,308,A,LEU,2,B,O,CD2,3.77,A,B,
4495,ALA,309,A,LEU,2,B,N,CD2,3.98,A,B,
4627,PRO,313,A,LYS,29,B,CB,CA,3.51,A,B,
4907,TYR,314,A,PRO,15,B,OH,CD,3.7,A,B,
4919,TYR,314,A,ARG,24,B,OH,NH2,3.44,A,B,
4928,TYR,314,A,GLY,27,B,OH,O,3.06,A,B,
5002,TYR,314,A,CYS,26,B,O,O,4.81,A,B,
5012,TYR,314,A,LYS,29,B,O,CB,3.93,A,B,
5034,GLU,315,A,LYS,29,B,CG,CB,4.52,A,B,
5068,GLU,315,A,LEU,30,B,OE1,O,4.85,A,B,
5087,GLN,316,A,ILE,12,B,OE1,CG2,4.31,A,B,
5092,GLN,316,A,TRP,13,B,OE1,O,4.69,A,B,
5095,GLN,316,A,SER,25,B,NE2,O,4.92,A,B,
5098,GLN,316,A,GLY,27,B,NE2,CA,4.41,A,B,
5130,LYS,318,A,GLY,359,B,CD,O,4.58,A,B,
5225,LYS,318,A,ARG,355,B,NZ,NH2,4.6,A,B,
5345,GLU,329,A,THR,358,B,OE2,CG2,4.36,A,B,
5377,GLN,367,A,LYS,318,B,OE1,NZ,4.68,A,B,
5392,PRO,371,A,HIS,229,B,O,NE2,4.85,A,B,
5406,VAL,372,A,ARG,233,B,CA,NH2,4.42,A,B,
5638,GLU,375,A,ILE,230,B,OE1,CG1,4.29,A,B,
5876,ARG,378,A,GLN,227,B,NH2,O,3.44,A,B,
5882,ARG,378,A,ASP,228,B,NH2,C,3.29,A,B,
5884,ARG,378,A,HIS,229,B,NH2,N,3.79,A,B,
