,Res. Name 1,Res. Number 1,Chain 1,Res. Name 2,Res. Number 2,Chain 2,Type of Interactions
2,PRO,1,A,GLU,308,B,Clash
46,LEU,2,A,GLU,308,B,; H-bond*; Apolar vdW contact
114,LEU,2,A,ILE,304,B,Proximal contact
116,LEU,2,A,ALA,307,B,Proximal contact
293,LEU,4,A,LYS,301,B,; Apolar vdW contact
314,LEU,4,A,GLN,305,B,Proximal contact
425,LEU,4,A,ILE,304,B,; Apolar vdW contact
487,ILE,12,A,GLN,299,B,Proximal contact
672,TRP,13,A,LYS,301,B,; CH-π interaction; CH-π interaction; CH-π interaction
733,TRP,13,A,ILE,304,B,Proximal contact
753,VAL,14,A,ILE,304,B,Proximal contact
788,PRO,15,A,ILE,304,B,Proximal contact
845,ASP,155,A,ARG,207,B,; Salt-bridge
874,THR,158,A,ARG,207,B,Proximal contact
944,PRO,202,A,ARG,220,B,; CH-O/N bond
1035,ASP,203,A,ILE,215,B,Proximal contact
1046,ASP,203,A,ARG,220,B,; Salt-bridge
1115,ARG,207,A,ARG,220,B,Proximal contact
1144,ARG,207,A,ASP,155,B,; Salt-bridge
1153,ARG,207,A,ASP,216,B,; Salt-bridge
1155,ARG,207,A,ARG,219,B,Proximal contact
1244,ASP,216,A,ARG,207,B,; Salt-bridge
1258,ASP,216,A,ASN,224,B,Proximal contact
1475,ARG,219,A,ARG,207,B,; H-bond*
1486,ARG,219,A,ASP,208,B,; Salt-bridge
1582,ARG,219,A,VAL,223,B,Proximal contact
1591,ARG,219,A,ASN,224,B,Proximal contact
1593,ARG,219,A,ARG,225,B,; H-bond*
1633,ARG,220,A,ARG,225,B,Proximal contact
1638,ARG,220,A,VAL,223,B,; CH-O/N bond; CH-O/N bond
1690,ARG,220,A,LEU,222,B,Proximal contact
1755,ARG,220,A,ASN,224,B,; CH-O/N bond; CH-O/N bond
1860,ARG,220,A,PRO,202,B,Proximal contact
1868,ARG,220,A,ASP,203,B,; Salt-bridge
1926,ARG,220,A,ARG,207,B,Proximal contact
2047,PHE,221,A,VAL,223,B,; H-bond*; H-bond*
2126,PHE,221,A,ASN,224,B,Proximal contact
2160,PHE,221,A,VAL,226,B,Proximal contact
2196,PHE,221,A,PHE,221,B,Proximal contact
2204,PHE,221,A,LEU,222,B,; CH-O/N bond; CH-O/N bond
2299,LEU,222,A,ARG,220,B,Proximal contact
2307,LEU,222,A,PHE,221,B,; CH-O/N bond
2312,LEU,222,A,LEU,222,B,; Apolar vdW contact
2515,VAL,223,A,VAL,223,B,Proximal contact
2558,VAL,223,A,ARG,219,B,Proximal contact
2560,VAL,223,A,ARG,220,B,; CH-O/N bond; CH-O/N bond
2576,VAL,223,A,PHE,221,B,; H-bond*; H-bond*
2691,ASN,224,A,ASP,216,B,Proximal contact
2695,ASN,224,A,ARG,219,B,Proximal contact
2706,ASN,224,A,ARG,220,B,; CH-O/N bond; CH-O/N bond
2754,ARG,225,A,ARG,219,B,; H-bond*
2924,ARG,225,A,ARG,220,B,Proximal contact
3003,ARG,225,A,ASP,216,B,; Salt-bridge
3111,GLN,227,A,ARG,378,B,Proximal contact
3175,SER,232,A,TYR,236,B,Proximal contact
3214,VAL,235,A,MET,239,B,Proximal contact
3285,TYR,236,A,SER,232,B,; CH-O/N bond
3298,TYR,236,A,TYR,236,B,; Apolar vdW contact; Apolar vdW contact; Apolar vdW contact
3368,TYR,236,A,HIS,229,B,; CH-O/N bond; π-π interaction
3391,TYR,236,A,ARG,233,B,Proximal contact
3504,MET,239,A,VAL,223,B,Proximal contact
3507,MET,239,A,VAL,226,B,Proximal contact
3515,MET,239,A,MET,239,B,Proximal contact
3525,MET,239,A,SER,232,B,Proximal contact
3529,MET,239,A,VAL,235,B,Proximal contact
3641,ASN,240,A,HIS,229,B,; H-bond*
3649,ASN,240,A,SER,232,B,Proximal contact
3684,GLY,266,A,THR,358,B,Proximal contact
3694,ASP,267,A,THR,358,B,Proximal contact
3717,ASP,267,A,TRP,13,B,Proximal contact
3729,LEU,270,A,LEU,2,B,Proximal contact
3758,GLY,274,A,LEU,2,B,; CH-O/N bond
3768,LYS,275,A,LEU,2,B,Proximal contact
3793,LYS,275,A,PRO,1,B,Proximal contact
3893,ALA,278,A,LEU,2,B,; Apolar vdW contact
4001,ARG,294,A,LEU,30,B,Proximal contact
4109,GLN,299,A,ILE,12,B,Proximal contact
4147,GLN,299,A,TRP,13,B,Proximal contact
4206,LEU,300,A,THR,358,B,Proximal contact
4247,LEU,300,A,TRP,13,B,Proximal contact
4447,LYS,301,A,TRP,13,B,; CH-π interaction; CH-π interaction; Apolar vdW contact; Apolar vdW contact; Apolar vdW contact; Apolar vdW contact; Apolar vdW contact; Apolar vdW contact; Apolar vdW contact; Apolar vdW contact
4542,LYS,301,A,LEU,4,B,; CH-O/N bond
4641,ILE,304,A,LEU,4,B,Proximal contact
4653,ILE,304,A,VAL,14,B,Proximal contact
4657,ILE,304,A,PRO,15,B,Proximal contact
4742,ILE,304,A,TRP,13,B,Proximal contact
4819,GLN,305,A,LEU,4,B,; Apolar vdW contact
4931,GLN,305,A,PRO,1,B,Proximal contact
4941,GLN,305,A,LEU,2,B,; H-bond*; Apolar vdW contact
5071,GLU,308,A,LEU,2,B,Proximal contact
5156,GLU,308,A,PRO,15,B,Proximal contact
5167,GLU,308,A,ARG,24,B,; Salt-bridge
5249,ALA,309,A,LEU,2,B,Proximal contact
5285,ARG,311,A,LEU,2,B,Proximal contact
5380,PRO,313,A,LEU,30,B,Proximal contact
5438,TYR,314,A,TRP,13,B,Proximal contact
5439,TYR,314,A,VAL,14,B,Proximal contact
5445,TYR,314,A,PRO,15,B,Proximal contact
5484,TYR,314,A,LEU,30,B,Proximal contact
5510,GLU,315,A,LEU,30,B,; Apolar vdW contact
5580,GLN,316,A,ILE,12,B,Proximal contact
5585,GLN,316,A,TRP,13,B,Proximal contact
5652,LYS,318,A,GLU,360,B,; Salt-bridge
5662,LYS,318,A,ASP,364,B,; Salt-bridge
5665,LYS,318,A,GLN,367,B,Proximal contact
5768,ASP,364,A,LYS,318,B,; Salt-bridge
5836,GLN,367,A,LYS,318,B,; H-bond*
5876,PRO,371,A,HIS,229,B,Proximal contact
5882,PRO,371,A,ARG,233,B,; H-bond*
5906,VAL,372,A,ARG,233,B,Proximal contact
5959,MET,374,A,HIS,229,B,Clash
6022,GLU,375,A,HIS,229,B,; CH-O/N bond; CH-O/N bond; CH-π interaction; Apolar vdW contact; Apolar vdW contact
6140,GLU,375,A,ARG,233,B,; Salt-bridge
6155,GLU,375,A,ILE,230,B,Proximal contact
6280,ARG,378,A,ASP,228,B,Proximal contact
6281,ARG,378,A,HIS,229,B,Proximal contact
6291,ARG,378,A,SER,232,B,; H-bond*
6351,ARG,378,A,VAL,226,B,; H-bond*
6356,ARG,378,A,GLN,227,B,Proximal contact
