resName1,resNum1,chain1,resName2,resNum2,chain2,frame,interactionType,atom1,atom2,distance,angle
U,104,A,ARG,130,B,1,Salt-bridge,OP1,NH1,2.79,
G,108,A,ARG,199,B,1,Salt-bridge,OP1,NH2,2.83,
C,105,A,PHE,128,B,1,π-π interactions,Pi-Ring,Pi-Ring,3.542311004132756,
C,106,A,PHE,162,B,1,π-π interactions,Pi-Ring,Pi-Ring,3.360151819486734,
G,108,A,PHE,229,B,1,π-π interactions,Pi-Ring,Pi-Ring,3.5571262659069136,
G,110,A,TRP,213,B,1,π-π interactions,Pi-Ring,Pi-Ring,3.650975749840847,
G,110,A,PHE,229,B,1,π-π interactions,Pi-Ring,Pi-Ring,5.208943308873846,
C,105,A,LYS,194,B,1,Cation-π interactions,CE,Pi-Ring,3.88,
C,106,A,MET,114,B,1,CH-O/N bonds,OP2,CB,3.527944018830231,
U,104,A,PHE,128,B,1,CH-O/N bonds,O2,CE1,3.563656829718597,
U,104,A,PHE,128,B,1,CH-O/N bonds,O4',CZ,3.064066742092932,
U,104,A,ARG,130,B,1,CH-O/N bonds,O4',CD,3.5127342626506777,
C,106,A,LYS,155,B,1,CH-O/N bonds,O2,CD,3.422003798945875,
A,107,A,LYS,155,B,1,CH-O/N bonds,O2',CD,3.2060701801426625,
A,107,A,LYS,155,B,1,CH-O/N bonds,O4',CE,3.3567013569872444,
C,106,A,LEU,157,B,1,CH-O/N bonds,O4',CD1,3.3882551556811653,
C,106,A,PHE,160,B,1,CH-O/N bonds,OP1,CZ,3.1957343444034896,
C,105,A,PHE,162,B,1,CH-O/N bonds,O2,CE1,3.273634982706533,
C,106,A,PHE,162,B,1,CH-O/N bonds,O4',CE2,3.18444233736458,
C,105,A,PHE,162,B,1,CH-O/N bonds,O4',CZ,3.3658654162042776,
C,105,A,SER,193,B,1,CH-O/N bonds,O2,CA,3.4947018470822373,
C,105,A,LYS,194,B,1,CH-O/N bonds,O2',CD,3.451022746954879,
C,105,A,LYS,194,B,1,CH-O/N bonds,O2,CD,3.1351194554593933,
A,107,A,PRO,196,B,1,CH-O/N bonds,N1,CA,3.40517620689444,
A,112,A,SER,212,B,1,CH-O/N bonds,N3,CB,3.241291409299692,
G,111,A,GLN,214,B,1,CH-O/N bonds,N3,CB,3.4494250245511955,
G,111,A,GLN,214,B,1,CH-O/N bonds,N3,CG,3.235855528295415,
A,112,A,GLN,214,B,1,CH-O/N bonds,N7,CG,3.57782028615189,
G,111,A,LYS,217,B,1,CH-O/N bonds,O6,CB,3.4270668216420836,
G,111,A,LYS,217,B,1,CH-O/N bonds,O6,CD,3.448796166780518,
G,110,A,LYS,217,B,1,CH-O/N bonds,O6,CE,3.0639327668863743,
G,110,A,PHE,229,B,1,CH-O/N bonds,O6,CA,3.2818263208158927,
G,108,A,PHE,229,B,1,CH-O/N bonds,O6,CB,3.49939380464674,
G,108,A,PRO,278,B,1,CH-O/N bonds,OP2,CB,3.378164146396678,
G,108,A,ILE,279,B,1,CH-O/N bonds,O5',CB,3.469004756410692,
C,105,A,PHE,160,B,1,CH-π interactions,C4'(H4'),Pi-Ring,3.72,
C,105,A,LYS,194,B,1,CH-π interactions,CE(HE3),Pi-Ring,4.0,
G,111,A,GLN,214,B,1,CH-π interactions,CA(HA),Pi-Ring,4.4,
A,112,A,GLN,214,B,1,CH-π interactions,CB(HB2),Pi-Ring,3.6,
C,106,A,LYS,194,B,1,Apolar vdW contacts,C5,CB,3.9,
A,103,A,ARG,130,B,1,Proximal contacts,C2',NH1,4.14,
U,104,A,PHE,160,B,1,Proximal contacts,C5',CD1,4.55,
U,104,A,VAL,191,B,1,Proximal contacts,O2,CG2,4.45,
U,104,A,GLU,189,B,1,Proximal contacts,O4,OE2,4.03,
C,105,A,MET,114,B,1,Proximal contacts,OP2,CE,3.54,
C,105,A,VAL,191,B,1,Proximal contacts,N4,CG2,3.74,
C,105,A,TYR,192,B,1,Proximal contacts,N4,O,3.16,
C,106,A,ARG,126,B,1,Proximal contacts,N3,NH1,3.15,
C,106,A,LEU,195,B,1,Proximal contacts,N4,N,4.83,
A,107,A,ARG,199,B,1,Proximal contacts,O3',NH2,3.88,
A,107,A,PRO,278,B,1,Proximal contacts,O3',CB,4.98,
A,107,A,ILE,279,B,1,Proximal contacts,O3',O,4.02,
A,107,A,GLU,153,B,1,Proximal contacts,O2',OE2,4.69,
A,107,A,LYS,194,B,1,Proximal contacts,N1,O,3.79,
A,107,A,ALA,197,B,1,Proximal contacts,N1,N,4.4,
G,108,A,SER,282,B,1,Proximal contacts,O3',O,4.5,
G,108,A,ARG,201,B,1,Proximal contacts,C8,NH1,3.94,
G,108,A,GLU,244,B,1,Proximal contacts,N7,OE2,3.51,
G,108,A,THR,228,B,1,Proximal contacts,O6,OG1,4.13,
U,109,A,SER,282,B,1,Proximal contacts,N3,OG,3.28,
U,109,A,ILE,156,B,1,Proximal contacts,O4,O,4.3,
U,109,A,LEU,157,B,1,Proximal contacts,O4,CB,3.49,
U,109,A,ASN,158,B,1,Proximal contacts,C5,ND2,4.27,
G,110,A,THR,228,B,1,Proximal contacts,O6,O,4.32,
G,110,A,SER,231,B,1,Proximal contacts,N2,CA,4.23,
A,112,A,ASP,218,B,1,Proximal contacts,N6,OD2,4.51,
A,112,A,CYS,211,B,1,Proximal contacts,C2,C,4.7,
A,113,A,SER,212,B,1,Proximal contacts,O3',OG,3.47,
A,113,A,GLN,214,B,1,Proximal contacts,O2',NE2,3.11,
C,106,A,SER,193,B,1,Clashes,N4,CB,3.21,
A,107,A,LEU,195,B,1,Clashes,N6,O,2.72,
A,107,A,ARG,126,B,1,Clashes,N3,NH1,3.07,
U,109,A,LYS,155,B,1,Clashes,O2,NZ,2.93,
G,110,A,SER,230,B,1,Clashes,N1,O,2.63,
G,111,A,TRP,213,B,1,Clashes,C8,CH2,3.2,
G,111,A,ASP,218,B,1,Clashes,N2,OD2,2.9,
A,112,A,ASP,215,B,1,Clashes,N6,OD2,2.76,
A,113,A,TRP,213,B,1,Clashes,O3',NE1,2.9,
C,105,A,PHE,160,B,1,lp-π interactions,O4',Pi-Ring,4.27,
G,108,A,PHE,229,B,1,lp-π interactions,N7,Pi-Ring,3.37,
G,110,A,TRP,213,B,1,lp-π interactions,N3,Pi-Ring,3.7,
G,108,A,ARG,199,B,2,Salt-bridge,OP1,NH2,2.86,
C,105,A,PHE,128,B,2,π-π interactions,Pi-Ring,Pi-Ring,3.461259509035532,
C,106,A,PHE,162,B,2,π-π interactions,Pi-Ring,Pi-Ring,3.365284774147814,
G,108,A,PHE,229,B,2,π-π interactions,Pi-Ring,Pi-Ring,4.373907110409848,
U,109,A,PHE,229,B,2,π-π interactions,Pi-Ring,Pi-Ring,5.419639579037214,
G,110,A,TRP,213,B,2,π-π interactions,Pi-Ring,Pi-Ring,3.531181680645788,
G,110,A,PHE,229,B,2,π-π interactions,Pi-Ring,Pi-Ring,4.587774819366127,
U,104,A,ARG,130,B,2,Cation-π interactions,NE,Pi-Ring,3.87,
C,105,A,LYS,194,B,2,Cation-π interactions,CE,Pi-Ring,3.69,
U,104,A,ARG,130,B,2,CH-O/N bonds,O4',CD,3.4726481249904952,
C,106,A,LYS,155,B,2,CH-O/N bonds,O2,CD,3.3070882963719,
A,107,A,LYS,155,B,2,CH-O/N bonds,O2',CE,3.2760492975533797,
C,106,A,LEU,157,B,2,CH-O/N bonds,O4',CD1,3.3687334415177466,
C,105,A,PHE,162,B,2,CH-O/N bonds,O2,CE1,3.2847570686429766,
C,106,A,PHE,162,B,2,CH-O/N bonds,O4',CE2,3.163985145350717,
C,105,A,PHE,162,B,2,CH-O/N bonds,O4',CZ,3.4046999867829757,
A,103,A,GLN,186,B,2,CH-O/N bonds,N1,CB,3.4827186219963284,
C,105,A,SER,193,B,2,CH-O/N bonds,O2,CA,3.497388311297445,
C,105,A,LYS,194,B,2,CH-O/N bonds,O2',CD,3.3626003330755796,
A,107,A,PRO,196,B,2,CH-O/N bonds,N1,CA,3.2651459385454737,
A,112,A,SER,212,B,2,CH-O/N bonds,N3,CB,3.219820802467119,
G,111,A,TRP,213,B,2,CH-O/N bonds,N7,CZ3,3.577749572007521,
G,111,A,GLN,214,B,2,CH-O/N bonds,N3,CB,3.429635986515184,
G,111,A,GLN,214,B,2,CH-O/N bonds,O4',CG,3.589977576531644,
G,111,A,GLN,214,B,2,CH-O/N bonds,N3,CG,3.2995414832973373,
A,112,A,ASP,215,B,2,CH-O/N bonds,N1,CB,3.286382357547579,
G,111,A,LYS,217,B,2,CH-O/N bonds,O6,CD,3.5039002554296537,
G,111,A,LYS,217,B,2,CH-O/N bonds,O6,CE,3.297642491235216,
G,108,A,THR,228,B,2,CH-O/N bonds,O6,CG2,3.246852937846125,
G,110,A,PHE,229,B,2,CH-O/N bonds,O6,CA,3.2725997311006405,
G,108,A,PHE,229,B,2,CH-O/N bonds,N7,CB,3.2904106126743513,
G,108,A,GLU,244,B,2,CH-O/N bonds,O6,CB,3.3829297953105733,
G,108,A,GLU,244,B,2,CH-O/N bonds,N7,CG,3.2036683661078325,
C,105,A,PHE,160,B,2,CH-π interactions,C4'(H4'),Pi-Ring,3.57,
C,105,A,LYS,194,B,2,CH-π interactions,CE(HE3),Pi-Ring,3.8,
G,111,A,GLN,214,B,2,CH-π interactions,CA(HA),Pi-Ring,4.38,
A,112,A,GLN,214,B,2,CH-π interactions,CB(HB2),Pi-Ring,3.49,
G,108,A,ILE,279,B,2,CH-π interactions,CD1(HD13),Pi-Ring,3.61,
A,103,A,ARG,130,B,2,Proximal contacts,O2',O,3.74,
A,103,A,PRO,187,B,2,Proximal contacts,N6,CD,3.99,
A,103,A,PRO,131,B,2,Proximal contacts,C2,CB,3.65,
A,103,A,PHE,132,B,2,Proximal contacts,C2,N,4.4,
U,104,A,GLY,159,B,2,Proximal contacts,C5',O,4.63,
U,104,A,PHE,160,B,2,Proximal contacts,C5',CD1,4.37,
U,104,A,PHE,128,B,2,Proximal contacts,O4',CZ,3.63,
U,104,A,GLU,189,B,2,Proximal contacts,O4,OE2,3.88,
C,105,A,GLU,119,B,2,Proximal contacts,N4,CG,4.42,
C,105,A,VAL,191,B,2,Proximal contacts,N4,CG2,3.77,
C,105,A,TYR,192,B,2,Proximal contacts,N4,O,3.21,
C,106,A,PHE,160,B,2,Proximal contacts,C5',CE2,3.54,
C,106,A,ARG,126,B,2,Proximal contacts,N3,NE,3.73,
C,106,A,SER,193,B,2,Proximal contacts,N4,CB,3.3,
C,106,A,LYS,194,B,2,Proximal contacts,N4,N,3.24,
A,107,A,LYS,194,B,2,Proximal contacts,N6,CB,3.56,
A,107,A,ALA,197,B,2,Proximal contacts,N1,N,4.18,
G,108,A,TYR,200,B,2,Proximal contacts,O6,O,4.97,
U,109,A,ARG,201,B,2,Proximal contacts,O4,NH2,4.79,
U,109,A,ASN,233,B,2,Proximal contacts,O4,CB,4.46,
U,109,A,SER,230,B,2,Proximal contacts,C5,O,4.79,
G,110,A,GLN,214,B,2,Proximal contacts,O2',NE2,4.97,
G,110,A,LYS,217,B,2,Proximal contacts,O6,CD,4.24,
G,110,A,THR,228,B,2,Proximal contacts,O6,O,4.31,
G,110,A,SER,231,B,2,Proximal contacts,N2,CA,4.15,
A,112,A,ASP,218,B,2,Proximal contacts,N6,OD2,4.1,
A,112,A,GLY,210,B,2,Proximal contacts,C2,O,3.85,
A,112,A,CYS,211,B,2,Proximal contacts,C2,C,4.63,
A,107,A,LEU,195,B,2,Clashes,N6,O,2.76,
A,107,A,ARG,126,B,2,Clashes,C2,NE,3.21,
U,109,A,SER,231,B,2,Clashes,O4,OG,2.92,
G,110,A,SER,230,B,2,Clashes,N1,O,2.66,
G,111,A,ASP,218,B,2,Clashes,N2,OD2,2.84,
C,105,A,PHE,160,B,2,lp-π interactions,O4',Pi-Ring,4.19,
G,110,A,TRP,213,B,2,lp-π interactions,N3,Pi-Ring,3.47,
C,106,A,ARG,117,B,3,Salt-bridge,OP2,NH1,2.82,
A,107,A,LYS,155,B,3,Salt-bridge,OP1,NZ,3.94,
G,108,A,ARG,199,B,3,Salt-bridge,OP2,NH2,2.84,
U,109,A,ARG,280,B,3,Salt-bridge,OP1,NH2,2.81,
C,105,A,PHE,128,B,3,π-π interactions,Pi-Ring,Pi-Ring,3.615523640421184,
C,106,A,PHE,162,B,3,π-π interactions,Pi-Ring,Pi-Ring,3.3952409299226827,
G,108,A,PHE,229,B,3,π-π interactions,Pi-Ring,Pi-Ring,4.233693931127889,
G,110,A,TRP,213,B,3,π-π interactions,Pi-Ring,Pi-Ring,3.6329734684170534,
G,110,A,PHE,229,B,3,π-π interactions,Pi-Ring,Pi-Ring,5.208779240763841,
U,104,A,PHE,128,B,3,CH-O/N bonds,O4',CE1,3.5544711280301593,
U,104,A,PHE,128,B,3,CH-O/N bonds,O4',CZ,3.4226672347746567,
C,106,A,LYS,155,B,3,CH-O/N bonds,O2,CD,3.3744993702770194,
A,107,A,LYS,155,B,3,CH-O/N bonds,O2',CD,3.2689735392015637,
C,106,A,LYS,155,B,3,CH-O/N bonds,O3',CE,3.5802265291458863,
A,107,A,LYS,155,B,3,CH-O/N bonds,O4',CE,3.361786132400453,
C,106,A,LEU,157,B,3,CH-O/N bonds,O4',CD1,3.303889374661326,
C,106,A,PHE,160,B,3,CH-O/N bonds,OP1,CZ,3.3953933498197224,
C,105,A,PHE,162,B,3,CH-O/N bonds,O2,CE1,3.3600264879908313,
C,106,A,PHE,162,B,3,CH-O/N bonds,O4',CE2,3.2478431304482687,
C,105,A,PHE,162,B,3,CH-O/N bonds,O4',CZ,3.2815260169622302,
C,105,A,LYS,194,B,3,CH-O/N bonds,O2,CG,3.380007248512938,
C,105,A,LYS,194,B,3,CH-O/N bonds,O2',CD,3.3460534962848403,
A,107,A,PRO,196,B,3,CH-O/N bonds,N1,CA,3.2905066479191327,
A,112,A,SER,212,B,3,CH-O/N bonds,N3,CB,3.168076072318971,
G,111,A,TRP,213,B,3,CH-O/N bonds,O4',CZ2,3.2727448724274257,
G,111,A,GLN,214,B,3,CH-O/N bonds,N3,CB,3.594799020807704,
G,111,A,GLN,214,B,3,CH-O/N bonds,N3,CG,3.245868296773609,
A,112,A,GLN,214,B,3,CH-O/N bonds,N7,CG,3.5152995604926778,
G,111,A,LYS,217,B,3,CH-O/N bonds,O6,CE,3.2583836483753714,
G,110,A,PHE,229,B,3,CH-O/N bonds,O6,CA,3.3280301981802975,
G,108,A,PHE,229,B,3,CH-O/N bonds,N7,CB,3.265273954816043,
G,108,A,GLU,244,B,3,CH-O/N bonds,N7,CG,3.2519454177461213,
G,108,A,ILE,279,B,3,CH-O/N bonds,O4',CG1,3.4808876741429033,
C,105,A,PHE,160,B,3,CH-π interactions,C4'(H4'),Pi-Ring,3.73,
U,104,A,ARG,130,B,3,CH-π interactions,CD(HD2),Pi-Ring,3.67,
A,103,A,PRO,131,B,3,CH-π interactions,CA(HA),Pi-Ring,3.96,
A,103,A,PRO,131,B,3,CH-π interactions,CB(HB3),Pi-Ring,4.03,
A,103,A,PRO,131,B,3,CH-π interactions,CG(HG3),Pi-Ring,4.45,
C,105,A,LYS,194,B,3,CH-π interactions,CE(HE3),Pi-Ring,4.37,
G,111,A,GLN,214,B,3,CH-π interactions,CA(HA),Pi-Ring,4.48,
A,112,A,GLN,214,B,3,CH-π interactions,CB(HB2),Pi-Ring,3.7,
U,109,A,PHE,229,B,3,Apolar vdW contacts,C5,CZ,3.84,
A,103,A,GLY,159,B,3,Proximal contacts,C5',O,4.08,
A,103,A,PHE,132,B,3,Proximal contacts,N7,O,4.58,
A,103,A,PRO,187,B,3,Proximal contacts,N6,CD,4.48,
U,104,A,PHE,160,B,3,Proximal contacts,C5',CD1,4.44,
C,105,A,ARG,117,B,3,Proximal contacts,O2',NH1,3.74,
C,105,A,SER,193,B,3,Proximal contacts,N3,CA,3.47,
C,105,A,VAL,191,B,3,Proximal contacts,N4,CG2,3.9,
C,105,A,TYR,192,B,3,Proximal contacts,N4,O,3.16,
C,106,A,SER,193,B,3,Proximal contacts,N4,CB,3.45,
C,106,A,LYS,194,B,3,Proximal contacts,N4,N,3.27,
A,107,A,ARG,117,B,3,Proximal contacts,N6,CG,4.77,
A,107,A,LYS,194,B,3,Proximal contacts,N1,O,3.74,
A,107,A,ALA,197,B,3,Proximal contacts,N1,N,4.33,
G,108,A,ARG,280,B,3,Proximal contacts,O3',NH1,4.43,
G,108,A,THR,228,B,3,Proximal contacts,O6,OG1,3.25,
U,109,A,SER,231,B,3,Proximal contacts,O4,OG,4.21,
G,110,A,LYS,217,B,3,Proximal contacts,O6,CD,4.31,
G,110,A,THR,228,B,3,Proximal contacts,O6,O,4.47,
G,110,A,SER,231,B,3,Proximal contacts,N2,CA,4.25,
G,111,A,ASP,215,B,3,Proximal contacts,N2,OD2,4.97,
A,112,A,GLY,210,B,3,Proximal contacts,C2,O,4.97,
A,112,A,CYS,211,B,3,Proximal contacts,C2,C,4.79,
A,103,A,GLN,186,B,3,Clashes,N6,OE1,2.98,
A,103,A,ARG,130,B,3,Clashes,N3,NH1,2.99,
C,106,A,ARG,126,B,3,Clashes,O2,NH1,2.95,
A,107,A,LEU,195,B,3,Clashes,N6,O,2.72,
A,107,A,ARG,126,B,3,Clashes,N3,NH1,3.0,
G,110,A,SER,230,B,3,Clashes,N1,O,2.62,
A,112,A,ASP,215,B,3,Clashes,N6,OD2,2.83,
C,105,A,PHE,160,B,3,lp-π interactions,O4',Pi-Ring,4.23,
G,110,A,TRP,213,B,3,lp-π interactions,N3,Pi-Ring,3.76,
G,108,A,LYS,155,B,4,Salt-bridge,OP2,NZ,2.86,
U,109,A,ARG,281,B,4,Salt-bridge,OP2,NH1,2.76,
C,105,A,PHE,128,B,4,π-π interactions,Pi-Ring,Pi-Ring,3.4561931088345665,
C,106,A,PHE,162,B,4,π-π interactions,Pi-Ring,Pi-Ring,3.4114681020216353,
G,108,A,PHE,229,B,4,π-π interactions,Pi-Ring,Pi-Ring,3.940963499256128,
G,110,A,TRP,213,B,4,π-π interactions,Pi-Ring,Pi-Ring,3.5020148750662323,
G,110,A,PHE,229,B,4,π-π interactions,Pi-Ring,Pi-Ring,5.377641651743624,
A,113,A,TRP,213,B,4,π-π interactions,Pi-Ring,Pi-Ring,5.386433885234275,
U,104,A,ARG,130,B,4,Cation-π interactions,NE,Pi-Ring,3.05,
C,105,A,LYS,194,B,4,Cation-π interactions,CE,Pi-Ring,3.85,
G,108,A,GLU,244,B,4,CH-O/N bonds,C8,OE1,3.2591638498240587,
U,104,A,PHE,128,B,4,CH-O/N bonds,O4',CZ,3.4768084502888565,
A,103,A,PRO,131,B,4,CH-O/N bonds,N3,CB,3.543027377822531,
C,106,A,LYS,155,B,4,CH-O/N bonds,O2,CD,3.239334962611925,
A,107,A,LYS,155,B,4,CH-O/N bonds,O3',CE,3.0143883293298477,
A,107,A,LYS,155,B,4,CH-O/N bonds,O2',CE,3.0930095376509916,
C,106,A,LEU,157,B,4,CH-O/N bonds,O4',CD1,3.327592673390179,
C,106,A,PHE,160,B,4,CH-O/N bonds,OP1,CZ,3.27682590321793,
C,105,A,PHE,162,B,4,CH-O/N bonds,O2,CE1,3.275258005104331,
C,106,A,PHE,162,B,4,CH-O/N bonds,O4',CE2,3.1983173701182315,
C,105,A,PHE,162,B,4,CH-O/N bonds,O4',CZ,3.322410721148126,
C,105,A,SER,193,B,4,CH-O/N bonds,O2,CA,3.544870801594891,
C,105,A,LYS,194,B,4,CH-O/N bonds,O2',CD,3.4398822654271184,
C,105,A,LYS,194,B,4,CH-O/N bonds,O2,CD,3.082111127133478,
A,107,A,PRO,196,B,4,CH-O/N bonds,N1,CA,3.3886827824392176,
A,112,A,SER,212,B,4,CH-O/N bonds,N3,CB,3.136442251979143,
A,113,A,TRP,213,B,4,CH-O/N bonds,N3,CD1,3.5580143338665735,
G,111,A,TRP,213,B,4,CH-O/N bonds,O4',CZ2,3.2844861089674255,
G,111,A,TRP,213,B,4,CH-O/N bonds,N7,CH2,3.530327321934894,
G,111,A,GLN,214,B,4,CH-O/N bonds,N3,CB,3.452717914918621,
G,111,A,GLN,214,B,4,CH-O/N bonds,N3,CG,3.2125194162837367,
G,111,A,LYS,217,B,4,CH-O/N bonds,O6,CB,3.556145244502816,
G,111,A,LYS,217,B,4,CH-O/N bonds,O6,CD,3.5702303847230907,
G,110,A,LYS,217,B,4,CH-O/N bonds,O6,CE,3.0045490510224666,
G,110,A,PHE,229,B,4,CH-O/N bonds,O6,CA,3.267006887045081,
G,110,A,PHE,229,B,4,CH-O/N bonds,O6,CD2,3.14008168683555,
G,108,A,ILE,279,B,4,CH-O/N bonds,O2',CG2,3.4058529034589844,
U,109,A,ARG,281,B,4,CH-O/N bonds,OP2,CD,3.500290702213172,
C,105,A,PHE,160,B,4,CH-π interactions,C4'(H4'),Pi-Ring,3.68,
C,105,A,LYS,194,B,4,CH-π interactions,CE(HE3),Pi-Ring,4.0,
G,111,A,GLN,214,B,4,CH-π interactions,CA(HA),Pi-Ring,4.43,
A,112,A,GLN,214,B,4,CH-π interactions,CB(HB2),Pi-Ring,3.72,
U,109,A,PHE,229,B,4,Apolar vdW contacts,C5,CE2,3.87,
U,109,A,PHE,229,B,4,Apolar vdW contacts,C5,CZ,3.81,
A,103,A,GLY,159,B,4,Proximal contacts,O3',O,4.5,
A,103,A,ARG,130,B,4,Proximal contacts,O2',O,3.07,
A,103,A,PHE,132,B,4,Proximal contacts,O2',N,4.93,
A,103,A,GLN,186,B,4,Proximal contacts,C5,OE1,3.56,
A,103,A,PRO,187,B,4,Proximal contacts,N1,CD,3.87,
U,104,A,GLY,159,B,4,Proximal contacts,C5',O,4.28,
U,104,A,PHE,160,B,4,Proximal contacts,C5',CD1,3.93,
U,104,A,GLU,189,B,4,Proximal contacts,O4,OE1,4.85,
C,105,A,GLN,118,B,4,Proximal contacts,N4,NE2,4.32,
C,105,A,VAL,191,B,4,Proximal contacts,N4,CG2,3.71,
C,106,A,ARG,126,B,4,Proximal contacts,N3,NH1,3.2,
C,106,A,SER,193,B,4,Proximal contacts,N4,CB,3.29,
C,106,A,LYS,194,B,4,Proximal contacts,N4,N,3.15,
C,106,A,LEU,195,B,4,Proximal contacts,N4,N,4.9,
A,107,A,LYS,194,B,4,Proximal contacts,N1,O,3.75,
A,107,A,ALA,197,B,4,Proximal contacts,N1,N,4.56,
G,108,A,GLU,153,B,4,Proximal contacts,OP2,OE1,4.62,
G,108,A,THR,228,B,4,Proximal contacts,O6,O,4.26,
U,109,A,ILE,279,B,4,Proximal contacts,OP1,CG2,4.73,
G,110,A,THR,228,B,4,Proximal contacts,O6,O,4.23,
G,110,A,SER,231,B,4,Proximal contacts,N2,CB,4.04,
G,111,A,ASP,215,B,4,Proximal contacts,N2,OD1,4.73,
A,112,A,TRP,213,B,4,Proximal contacts,O4',NE1,4.97,
A,112,A,GLY,210,B,4,Proximal contacts,C2,O,4.03,
A,112,A,CYS,211,B,4,Proximal contacts,C2,C,4.82,
A,113,A,GLN,214,B,4,Proximal contacts,O4',NE2,4.43,
A,113,A,SER,231,B,4,Proximal contacts,N6,OG,3.51,
A,113,A,VAL,232,B,4,Proximal contacts,N6,CG1,3.78,
A,113,A,SER,212,B,4,Proximal contacts,C2,OG,3.96,
C,105,A,TYR,192,B,4,Clashes,N4,O,3.03,
A,107,A,LEU,195,B,4,Clashes,N6,O,2.68,
A,107,A,ARG,126,B,4,Clashes,N3,NH1,3.0,
U,109,A,SER,231,B,4,Clashes,O4,OG,2.98,
G,110,A,SER,230,B,4,Clashes,N1,O,2.61,
G,111,A,ASP,218,B,4,Clashes,N2,OD2,2.92,
A,112,A,ASP,215,B,4,Clashes,N6,OD1,2.87,
C,105,A,PHE,160,B,4,lp-π interactions,O4',Pi-Ring,4.23,
G,110,A,TRP,213,B,4,lp-π interactions,N3,Pi-Ring,3.53,
U,109,A,ARG,280,B,5,Salt-bridge,OP2,NH2,3.72,
C,105,A,PHE,128,B,5,π-π interactions,Pi-Ring,Pi-Ring,3.5182491936883733,
C,106,A,PHE,162,B,5,π-π interactions,Pi-Ring,Pi-Ring,3.3518403278398163,
G,108,A,PHE,229,B,5,π-π interactions,Pi-Ring,Pi-Ring,3.5369188607851627,
G,110,A,TRP,213,B,5,π-π interactions,Pi-Ring,Pi-Ring,3.6593605290380298,
G,110,A,PHE,229,B,5,π-π interactions,Pi-Ring,Pi-Ring,5.485116350038242,
A,103,A,ARG,130,B,5,CH-O/N bonds,C5',O,3.139170272540181,
G,108,A,GLU,244,B,5,CH-O/N bonds,C8,OE2,3.4477131551218085,
A,112,A,GLY,210,B,5,CH-O/N bonds,C2,O,3.5558668422762922,
A,107,A,ARG,126,B,5,CH-O/N bonds,N3,CD,3.5939769058801696,
U,104,A,PHE,128,B,5,CH-O/N bonds,O4',CZ,3.5804286056281023,
A,103,A,PRO,131,B,5,CH-O/N bonds,O5',CA,3.410659173825494,
C,106,A,LYS,155,B,5,CH-O/N bonds,O2,CD,3.295762279048658,
A,107,A,LYS,155,B,5,CH-O/N bonds,O2',CD,3.4064524068303075,
A,107,A,LYS,155,B,5,CH-O/N bonds,O2',CE,3.0288144545349756,
C,106,A,LEU,157,B,5,CH-O/N bonds,O4',CD1,3.318293838706874,
C,105,A,PHE,162,B,5,CH-O/N bonds,O2,CE1,3.3281131290868107,
C,105,A,PHE,162,B,5,CH-O/N bonds,O4',CZ,3.3453969869060383,
C,105,A,SER,193,B,5,CH-O/N bonds,O2,CA,3.455813652383473,
C,105,A,LYS,194,B,5,CH-O/N bonds,O2',CD,3.3241135660503534,
C,105,A,LYS,194,B,5,CH-O/N bonds,O2,CD,3.1264217565773174,
A,107,A,PRO,196,B,5,CH-O/N bonds,N1,CA,3.228663190857789,
A,112,A,SER,212,B,5,CH-O/N bonds,N3,CB,3.2622631714808072,
G,110,A,TRP,213,B,5,CH-O/N bonds,O2',CZ2,3.5176583120024607,
G,111,A,TRP,213,B,5,CH-O/N bonds,N7,CZ3,3.498033018712087,
G,111,A,GLN,214,B,5,CH-O/N bonds,N3,CB,3.4626927383179713,
A,112,A,ASP,215,B,5,CH-O/N bonds,N1,CB,3.22065552333682,
G,111,A,LYS,217,B,5,CH-O/N bonds,O6,CE,3.129537505766627,
G,110,A,PHE,229,B,5,CH-O/N bonds,O6,CA,3.459286053508732,
G,110,A,PHE,229,B,5,CH-O/N bonds,O6,CD2,3.483487620187563,
G,108,A,ILE,279,B,5,CH-O/N bonds,OP2,CG1,3.5189768399351546,
G,108,A,ILE,279,B,5,CH-O/N bonds,O5',CG2,3.542159510806931,
C,105,A,PHE,160,B,5,CH-π interactions,C4'(H4'),Pi-Ring,3.81,
C,105,A,LYS,194,B,5,CH-π interactions,CE(HE3),Pi-Ring,4.26,
G,111,A,GLN,214,B,5,CH-π interactions,CA(HA),Pi-Ring,4.32,
A,112,A,GLN,214,B,5,CH-π interactions,CB(HB2),Pi-Ring,3.45,
A,103,A,GLY,159,B,5,Proximal contacts,C5',O,4.03,
A,103,A,PHE,132,B,5,Proximal contacts,N7,O,3.36,
A,103,A,LEU,134,B,5,Proximal contacts,N6,CB,4.02,
U,104,A,PHE,160,B,5,Proximal contacts,C5',CD1,4.13,
U,104,A,ARG,130,B,5,Proximal contacts,N1,CD,3.25,
U,104,A,GLU,189,B,5,Proximal contacts,O4,OE1,4.63,
C,105,A,VAL,191,B,5,Proximal contacts,N4,CG2,3.67,
C,106,A,PHE,160,B,5,Proximal contacts,C5',CE2,3.57,
C,106,A,SER,193,B,5,Proximal contacts,N4,CB,3.27,
C,106,A,LYS,194,B,5,Proximal contacts,N4,N,3.28,
C,106,A,LEU,195,B,5,Proximal contacts,N4,N,4.95,
A,107,A,LYS,194,B,5,Proximal contacts,N1,O,3.57,
A,107,A,ALA,197,B,5,Proximal contacts,N1,N,4.88,
G,108,A,ARG,201,B,5,Proximal contacts,C8,NH1,4.81,
G,108,A,THR,228,B,5,Proximal contacts,O6,O,4.26,
U,109,A,SER,231,B,5,Proximal contacts,O4,OG,4.35,
U,109,A,VAL,232,B,5,Proximal contacts,O4,O,4.36,
G,110,A,GLN,214,B,5,Proximal contacts,O2',OE1,5.0,
G,110,A,LYS,217,B,5,Proximal contacts,O6,CD,3.89,
G,110,A,THR,228,B,5,Proximal contacts,O6,O,4.43,
G,110,A,SER,231,B,5,Proximal contacts,N2,CA,4.2,
A,112,A,ASP,218,B,5,Proximal contacts,N6,OD1,4.28,
A,112,A,CYS,211,B,5,Proximal contacts,C2,C,4.51,
A,113,A,GLY,210,B,5,Proximal contacts,N7,O,4.47,
A,113,A,SER,212,B,5,Proximal contacts,N6,OG,3.38,
A,113,A,PHE,237,B,5,Proximal contacts,N6,CE2,4.24,
A,103,A,PRO,133,B,5,Clashes,N6,O,2.92,
C,105,A,TYR,192,B,5,Clashes,N4,O,2.98,
C,106,A,ARG,126,B,5,Clashes,O2,NH1,2.95,
A,107,A,LEU,195,B,5,Clashes,N6,O,2.75,
G,108,A,ARG,280,B,5,Clashes,O2',NH2,2.93,
G,110,A,SER,230,B,5,Clashes,N1,O,2.63,
G,111,A,ASP,218,B,5,Clashes,N2,OD1,2.86,
A,113,A,CYS,211,B,5,Clashes,N6,O,2.88,
C,105,A,PHE,160,B,5,lp-π interactions,O4',Pi-Ring,4.29,
G,108,A,PHE,229,B,5,lp-π interactions,N7,Pi-Ring,3.29,
G,110,A,TRP,213,B,5,lp-π interactions,N3,Pi-Ring,3.76,
G,108,A,LYS,155,B,6,Salt-bridge,OP1,NZ,3.55,
G,108,A,ARG,280,B,6,Salt-bridge,OP1,NH1,2.81,
C,105,A,PHE,128,B,6,π-π interactions,Pi-Ring,Pi-Ring,3.4774544050050316,
C,106,A,PHE,162,B,6,π-π interactions,Pi-Ring,Pi-Ring,3.3725705082819752,
G,108,A,PHE,229,B,6,π-π interactions,Pi-Ring,Pi-Ring,3.865825813745653,
G,110,A,TRP,213,B,6,π-π interactions,Pi-Ring,Pi-Ring,3.608307720377832,
G,110,A,PHE,229,B,6,π-π interactions,Pi-Ring,Pi-Ring,5.370695517870941,
A,103,A,ARG,130,B,6,CH-O/N bonds,C1',O,3.521425421615513,
U,104,A,PHE,128,B,6,CH-O/N bonds,O4',CZ,3.569874647659215,
A,103,A,PRO,131,B,6,CH-O/N bonds,N3,CA,3.564631116960071,
A,103,A,PRO,131,B,6,CH-O/N bonds,N3,CB,3.455308379870023,
A,103,A,PRO,131,B,6,CH-O/N bonds,N3,CG,3.5959767796803135,
C,106,A,LYS,155,B,6,CH-O/N bonds,O2,CD,3.2615692542087777,
A,107,A,LYS,155,B,6,CH-O/N bonds,O2',CD,3.4571400029504167,
A,107,A,LYS,155,B,6,CH-O/N bonds,O3',CE,3.2111812468311385,
A,107,A,LYS,155,B,6,CH-O/N bonds,O2',CE,3.000512289593228,
C,106,A,LEU,157,B,6,CH-O/N bonds,O4',CD1,3.384085400813639,
C,106,A,PHE,160,B,6,CH-O/N bonds,OP1,CZ,3.500633371262977,
C,105,A,PHE,162,B,6,CH-O/N bonds,O2,CE1,3.3108359971463406,
C,106,A,PHE,162,B,6,CH-O/N bonds,O4',CE2,3.127992487203254,
C,105,A,PHE,162,B,6,CH-O/N bonds,O4',CZ,3.321442156654244,
C,105,A,SER,193,B,6,CH-O/N bonds,O2,CA,3.5660555239648195,
C,105,A,LYS,194,B,6,CH-O/N bonds,O2',CD,3.471054306691269,
C,105,A,LYS,194,B,6,CH-O/N bonds,O2,CD,3.121967008153674,
A,107,A,PRO,196,B,6,CH-O/N bonds,N1,CA,3.2963390298936193,
A,112,A,SER,212,B,6,CH-O/N bonds,N3,CB,3.1529571833439176,
G,111,A,TRP,213,B,6,CH-O/N bonds,O4',CZ2,3.267852352845826,
G,111,A,GLN,214,B,6,CH-O/N bonds,N3,CB,3.576430203429114,
G,111,A,GLN,214,B,6,CH-O/N bonds,N3,CG,3.242407284719179,
G,110,A,LYS,217,B,6,CH-O/N bonds,O6,CE,2.9842288786217464,
G,110,A,PHE,229,B,6,CH-O/N bonds,O6,CA,3.364529387596428,
G,110,A,PHE,229,B,6,CH-O/N bonds,O6,CD2,3.205892543426869,
G,108,A,ARG,280,B,6,CH-O/N bonds,OP1,CD,3.099371065232429,
C,105,A,PHE,160,B,6,CH-π interactions,C4'(H4'),Pi-Ring,3.75,
C,105,A,LYS,194,B,6,CH-π interactions,CE(HE3),Pi-Ring,4.24,
G,111,A,GLN,214,B,6,CH-π interactions,CA(HA),Pi-Ring,4.47,
A,112,A,GLN,214,B,6,CH-π interactions,CB(HB2),Pi-Ring,3.7,
A,103,A,PRO,133,B,6,Proximal contacts,O5',O,4.88,
A,103,A,PHE,132,B,6,Proximal contacts,O4',N,4.18,
A,103,A,GLY,159,B,6,Proximal contacts,O2',O,3.3,
A,103,A,PRO,187,B,6,Proximal contacts,C2,O,4.53,
U,104,A,GLY,159,B,6,Proximal contacts,C5',O,4.3,
U,104,A,PHE,160,B,6,Proximal contacts,C5',CD1,3.77,
U,104,A,GLU,189,B,6,Proximal contacts,O4,OE2,4.3,
C,105,A,VAL,191,B,6,Proximal contacts,N4,CG2,3.73,
C,106,A,LYS,194,B,6,Proximal contacts,N4,N,3.27,
C,106,A,LEU,195,B,6,Proximal contacts,N4,N,4.97,
A,107,A,ARG,280,B,6,Proximal contacts,O3',CD,4.09,
A,107,A,GLU,153,B,6,Proximal contacts,O2',OE2,3.8,
A,107,A,LYS,194,B,6,Proximal contacts,N1,O,3.87,
A,107,A,ALA,197,B,6,Proximal contacts,N1,N,4.59,
G,108,A,ILE,279,B,6,Proximal contacts,O4',CB,3.64,
G,108,A,GLU,244,B,6,Proximal contacts,N7,OE1,3.6,
G,108,A,THR,228,B,6,Proximal contacts,O6,O,4.38,
U,109,A,PHE,229,B,6,Proximal contacts,OP1,CZ,4.92,
G,110,A,THR,228,B,6,Proximal contacts,O6,O,4.32,
G,110,A,SER,231,B,6,Proximal contacts,N2,CA,4.33,
G,111,A,LYS,217,B,6,Proximal contacts,O6,CB,3.95,
G,111,A,ASP,218,B,6,Proximal contacts,O6,N,4.82,
G,111,A,ASP,215,B,6,Proximal contacts,N2,OD2,4.78,
A,112,A,GLY,210,B,6,Proximal contacts,C2,O,3.68,
A,112,A,CYS,211,B,6,Proximal contacts,C2,C,4.7,
U,104,A,ARG,130,B,6,Clashes,N1,CD,3.22,
C,105,A,TYR,192,B,6,Clashes,N4,O,3.02,
C,106,A,ARG,126,B,6,Clashes,O2,NH1,2.93,
C,106,A,SER,193,B,6,Clashes,N4,CB,3.24,
A,107,A,LEU,195,B,6,Clashes,N6,O,2.73,
A,107,A,ARG,126,B,6,Clashes,N3,NH1,3.07,
G,108,A,ARG,199,B,6,Clashes,N7,NH1,3.07,
G,110,A,SER,230,B,6,Clashes,N1,O,2.65,
A,112,A,ASP,215,B,6,Clashes,N6,OD2,2.83,
C,105,A,PHE,160,B,6,lp-π interactions,O4',Pi-Ring,4.3,
G,108,A,PHE,229,B,6,lp-π interactions,N7,Pi-Ring,2.88,
G,110,A,TRP,213,B,6,lp-π interactions,N3,Pi-Ring,3.69,
U,109,A,ARG,281,B,7,Salt-bridge,OP1,NH2,3.66,
U,109,A,LYS,155,B,7,Salt-bridge,OP2,NZ,2.88,
C,105,A,PHE,128,B,7,π-π interactions,Pi-Ring,Pi-Ring,3.6179524634491496,
C,106,A,PHE,162,B,7,π-π interactions,Pi-Ring,Pi-Ring,3.3994651458395286,
G,108,A,PHE,229,B,7,π-π interactions,Pi-Ring,Pi-Ring,3.7443357625177134,
G,110,A,TRP,213,B,7,π-π interactions,Pi-Ring,Pi-Ring,3.711288661754054,
G,110,A,PHE,229,B,7,π-π interactions,Pi-Ring,Pi-Ring,5.33598375520414,
U,104,A,ARG,130,B,7,Cation-π interactions,NE,Pi-Ring,3.07,
A,103,A,ARG,130,B,7,CH-O/N bonds,C1',O,3.2524060324627366,
U,104,A,PHE,128,B,7,CH-O/N bonds,O4',CZ,3.527260835265802,
A,103,A,ARG,130,B,7,CH-O/N bonds,O2',CB,3.4252505017881543,
A,103,A,PRO,131,B,7,CH-O/N bonds,N3,CA,3.4658177967111885,
A,103,A,PRO,131,B,7,CH-O/N bonds,N3,CB,3.5068889346541905,
C,106,A,LYS,155,B,7,CH-O/N bonds,O2,CD,3.395137257902839,
A,107,A,LYS,155,B,7,CH-O/N bonds,O2',CD,3.4175609723895186,
A,107,A,LYS,155,B,7,CH-O/N bonds,O3',CE,3.2161481620099517,
A,107,A,LYS,155,B,7,CH-O/N bonds,O2',CE,3.038784625471176,
C,106,A,LEU,157,B,7,CH-O/N bonds,O4',CD1,3.2825116907636445,
C,106,A,PHE,160,B,7,CH-O/N bonds,OP1,CZ,3.5044466039590336,
C,105,A,PHE,162,B,7,CH-O/N bonds,O2,CE1,3.391782569682202,
C,106,A,PHE,162,B,7,CH-O/N bonds,O4',CE2,3.3163620128086135,
C,105,A,PHE,162,B,7,CH-O/N bonds,O4',CZ,3.268255344981477,
C,105,A,LYS,194,B,7,CH-O/N bonds,O2,CG,3.4202451666510685,
C,105,A,LYS,194,B,7,CH-O/N bonds,O2',CD,3.3573782926563402,
A,107,A,PRO,196,B,7,CH-O/N bonds,N1,CA,3.273105711705627,
A,112,A,SER,212,B,7,CH-O/N bonds,N3,CB,3.213925014682203,
G,111,A,GLN,214,B,7,CH-O/N bonds,N3,CB,3.446831008332146,
G,111,A,GLN,214,B,7,CH-O/N bonds,N3,CG,3.221073734021001,
A,112,A,GLN,214,B,7,CH-O/N bonds,N7,CG,3.566282518253427,
G,111,A,LYS,217,B,7,CH-O/N bonds,O6,CD,3.5644531137328763,
G,111,A,LYS,217,B,7,CH-O/N bonds,O6,CE,3.382182431507799,
G,110,A,PHE,229,B,7,CH-O/N bonds,O6,CA,3.308938198274489,
G,108,A,PHE,229,B,7,CH-O/N bonds,O6,CB,3.3895479049572357,
G,108,A,ILE,279,B,7,CH-O/N bonds,O4',CB,3.5301607612118784,
G,108,A,ILE,279,B,7,CH-O/N bonds,O4',CG2,3.240427595241097,
G,108,A,ILE,279,B,7,CH-O/N bonds,O4',CD1,3.449063930981858,
U,109,A,ARG,281,B,7,CH-O/N bonds,OP1,CB,3.300877004676181,
U,109,A,SER,282,B,7,CH-O/N bonds,O2,CA,3.5839846539850018,
C,105,A,PHE,160,B,7,CH-π interactions,C4'(H4'),Pi-Ring,3.7,
C,105,A,LYS,194,B,7,CH-π interactions,CE(HE3),Pi-Ring,4.36,
G,111,A,GLN,214,B,7,CH-π interactions,CA(HA),Pi-Ring,4.4,
A,112,A,GLN,214,B,7,CH-π interactions,CB(HB2),Pi-Ring,3.62,
U,109,A,PHE,229,B,7,Apolar vdW contacts,C5,CE2,3.8,
U,109,A,PHE,229,B,7,Apolar vdW contacts,C5,CZ,3.84,
A,103,A,PRO,133,B,7,Proximal contacts,O5',O,4.57,
A,103,A,PHE,132,B,7,Proximal contacts,O4',O,4.37,
A,103,A,GLY,159,B,7,Proximal contacts,O2',O,3.12,
A,103,A,PRO,187,B,7,Proximal contacts,C2,O,4.84,
U,104,A,GLY,159,B,7,Proximal contacts,C5',O,4.32,
U,104,A,PHE,160,B,7,Proximal contacts,C5',CD1,3.66,
C,105,A,SER,193,B,7,Proximal contacts,N3,CA,3.35,
C,105,A,VAL,191,B,7,Proximal contacts,N4,CG2,3.91,
C,105,A,TYR,192,B,7,Proximal contacts,N4,O,3.2,
C,106,A,SER,193,B,7,Proximal contacts,N4,CB,3.46,
C,106,A,LYS,194,B,7,Proximal contacts,N4,N,3.29,
A,107,A,ARG,117,B,7,Proximal contacts,N6,O,4.84,
A,107,A,LYS,194,B,7,Proximal contacts,N1,O,3.77,
A,107,A,ALA,197,B,7,Proximal contacts,N1,N,4.51,
G,108,A,LYS,155,B,7,Proximal contacts,P,CE,4.54,
G,108,A,ARG,281,B,7,Proximal contacts,O3',CA,4.11,
G,108,A,GLU,244,B,7,Proximal contacts,N7,CG,3.97,
G,108,A,THR,228,B,7,Proximal contacts,O6,O,3.85,
U,109,A,SER,231,B,7,Proximal contacts,O4,OG,3.99,
G,110,A,LYS,217,B,7,Proximal contacts,O6,CD,4.09,
G,110,A,THR,228,B,7,Proximal contacts,O6,O,4.31,
G,110,A,SER,231,B,7,Proximal contacts,N2,CB,3.85,
A,112,A,ASP,218,B,7,Proximal contacts,N6,OD2,4.68,
A,112,A,GLY,210,B,7,Proximal contacts,C2,O,3.86,
A,112,A,CYS,211,B,7,Proximal contacts,C2,C,4.72,
C,106,A,ARG,126,B,7,Clashes,O2,NH1,2.98,
A,107,A,LEU,195,B,7,Clashes,N6,O,2.65,
A,107,A,ARG,126,B,7,Clashes,N3,NH1,2.99,
G,108,A,ARG,280,B,7,Clashes,O2',O,2.89,
U,109,A,ARG,280,B,7,Clashes,O4,NE,2.87,
G,110,A,SER,230,B,7,Clashes,N1,O,2.59,
G,111,A,TRP,213,B,7,Clashes,C8,CH2,3.18,
G,111,A,ASP,218,B,7,Clashes,N2,OD2,2.89,
A,112,A,ASP,215,B,7,Clashes,N6,OD1,2.79,
C,105,A,PHE,160,B,7,lp-π interactions,O4',Pi-Ring,4.24,
G,108,A,PHE,229,B,7,lp-π interactions,N7,Pi-Ring,3.03,
G,110,A,TRP,213,B,7,lp-π interactions,N3,Pi-Ring,3.87,
G,108,A,ARG,199,B,8,Salt-bridge,OP1,NH2,2.77,
G,108,A,ARG,280,B,8,Salt-bridge,OP2,NH2,2.86,
U,109,A,ARG,281,B,8,Salt-bridge,OP1,NH2,2.8,
C,105,A,PHE,128,B,8,π-π interactions,Pi-Ring,Pi-Ring,3.4851420224528393,
C,106,A,PHE,162,B,8,π-π interactions,Pi-Ring,Pi-Ring,3.359628898157255,
G,108,A,PHE,229,B,8,π-π interactions,Pi-Ring,Pi-Ring,4.326272613739806,
G,110,A,TRP,213,B,8,π-π interactions,Pi-Ring,Pi-Ring,3.8756119150463655,
G,110,A,PHE,229,B,8,π-π interactions,Pi-Ring,Pi-Ring,4.625174647353165,
U,104,A,ARG,130,B,8,Cation-π interactions,NH1,Pi-Ring,4.9,
C,105,A,LYS,194,B,8,Cation-π interactions,CE,Pi-Ring,3.88,
U,104,A,ARG,130,B,8,CH-O/N bonds,O2,CB,3.0773334235990744,
C,106,A,LYS,155,B,8,CH-O/N bonds,O2,CD,3.4579060137603514,
A,107,A,LYS,155,B,8,CH-O/N bonds,O4',CE,3.1220661427971055,
C,106,A,LEU,157,B,8,CH-O/N bonds,O4',CD1,3.451453461949037,
C,106,A,PHE,160,B,8,CH-O/N bonds,O5',CE2,3.1406346492389083,
C,106,A,PHE,160,B,8,CH-O/N bonds,OP1,CZ,3.271803478205865,
C,105,A,PHE,162,B,8,CH-O/N bonds,O4',CE1,3.4509132124699975,
C,105,A,PHE,162,B,8,CH-O/N bonds,O2,CE1,3.3102883560197593,
C,106,A,PHE,162,B,8,CH-O/N bonds,O4',CE2,3.1431859633181105,
C,105,A,PHE,162,B,8,CH-O/N bonds,O4',CZ,3.2294028859837214,
C,105,A,SER,193,B,8,CH-O/N bonds,O2,CA,3.4942280978779845,
C,105,A,LYS,194,B,8,CH-O/N bonds,O2',CD,3.544984485156459,
C,105,A,LYS,194,B,8,CH-O/N bonds,O2,CD,3.1554597129419975,
A,107,A,PRO,196,B,8,CH-O/N bonds,N1,CA,3.3269645324229105,
A,113,A,GLY,210,B,8,CH-O/N bonds,N7,CA,3.5025941814603687,
A,112,A,SER,212,B,8,CH-O/N bonds,N3,CB,3.1542003741043487,
G,111,A,TRP,213,B,8,CH-O/N bonds,N7,CZ3,3.573072907176678,
G,111,A,GLN,214,B,8,CH-O/N bonds,N3,CB,3.486139842289753,
G,111,A,GLN,214,B,8,CH-O/N bonds,N3,CG,3.2153806928573805,
G,111,A,LYS,217,B,8,CH-O/N bonds,O6,CB,3.420463272716139,
G,111,A,LYS,217,B,8,CH-O/N bonds,O6,CD,3.559510219117234,
G,110,A,LYS,217,B,8,CH-O/N bonds,O6,CE,3.107986647332963,
G,110,A,PHE,229,B,8,CH-O/N bonds,O6,CA,3.162400828484584,
G,108,A,GLU,244,B,8,CH-O/N bonds,N7,CG,3.281129988281479,
G,108,A,ILE,279,B,8,CH-O/N bonds,O4',CG2,3.2988661688525682,
C,105,A,PHE,160,B,8,CH-π interactions,C4'(H4'),Pi-Ring,3.69,
C,105,A,LYS,194,B,8,CH-π interactions,CE(HE3),Pi-Ring,3.99,
G,111,A,GLN,214,B,8,CH-π interactions,CA(HA),Pi-Ring,4.43,
A,112,A,GLN,214,B,8,CH-π interactions,CB(HB2),Pi-Ring,3.58,
U,104,A,GLY,159,B,8,Proximal contacts,O4',O,4.16,
U,104,A,PHE,160,B,8,Proximal contacts,O3',CE1,3.51,
U,104,A,PHE,128,B,8,Proximal contacts,O2',CZ,3.62,
U,104,A,PRO,131,B,8,Proximal contacts,O2,N,4.62,
C,105,A,VAL,191,B,8,Proximal contacts,N4,CG2,3.65,
C,105,A,TYR,192,B,8,Proximal contacts,N4,O,3.21,
C,106,A,ARG,126,B,8,Proximal contacts,O2,NH1,3.11,
C,106,A,LEU,195,B,8,Proximal contacts,N4,N,4.76,
A,107,A,LEU,157,B,8,Proximal contacts,OP1,CD1,4.35,
A,107,A,ARG,280,B,8,Proximal contacts,O2',NH2,3.39,
A,107,A,LYS,194,B,8,Proximal contacts,N1,O,3.7,
A,107,A,ALA,197,B,8,Proximal contacts,N1,N,4.7,
G,108,A,ARG,281,B,8,Proximal contacts,O3',CB,3.86,
U,109,A,ARG,280,B,8,Proximal contacts,OP2,CD,4.89,
G,110,A,THR,228,B,8,Proximal contacts,O6,O,4.38,
G,110,A,SER,231,B,8,Proximal contacts,N2,CB,3.9,
A,112,A,ASP,218,B,8,Proximal contacts,N6,OD2,4.74,
A,112,A,CYS,211,B,8,Proximal contacts,C2,C,4.6,
A,113,A,CYS,211,B,8,Proximal contacts,N7,N,3.27,
A,113,A,SER,212,B,8,Proximal contacts,N7,N,4.63,
A,113,A,ARG,264,B,8,Proximal contacts,N6,NH2,4.6,
C,106,A,SER,193,B,8,Clashes,N4,CB,3.16,
C,106,A,LYS,194,B,8,Clashes,N4,N,3.09,
A,107,A,LEU,195,B,8,Clashes,N6,O,2.74,
A,107,A,ARG,126,B,8,Clashes,N3,NH1,3.0,
G,108,A,THR,228,B,8,Clashes,O6,CG2,3.09,
G,110,A,SER,230,B,8,Clashes,N1,O,2.57,
G,111,A,ASP,218,B,8,Clashes,N2,OD2,2.91,
A,112,A,ASP,215,B,8,Clashes,N6,OD2,2.82,
A,113,A,ASP,215,B,8,Clashes,N6,OD1,3.03,
G,110,A,TRP,213,B,8,lp-π interactions,N3,Pi-Ring,4.15,
A,107,A,LYS,155,B,9,Salt-bridge,OP1,NZ,4.15,
G,108,A,ARG,126,B,9,Salt-bridge,OP1,NH2,4.33,
G,108,A,LYS,155,B,9,Salt-bridge,OP2,NZ,3.38,
G,108,A,ARG,281,B,9,Salt-bridge,OP2,NH2,2.69,
U,109,A,LYS,155,B,9,Salt-bridge,OP2,NZ,4.43,
U,109,A,ARG,281,B,9,Salt-bridge,OP2,NH1,2.78,
C,105,A,PHE,128,B,9,π-π interactions,Pi-Ring,Pi-Ring,3.589249650770415,
C,106,A,PHE,162,B,9,π-π interactions,Pi-Ring,Pi-Ring,3.5560217003462364,
G,108,A,PHE,229,B,9,π-π interactions,Pi-Ring,Pi-Ring,3.562441121454097,
G,110,A,TRP,213,B,9,π-π interactions,Pi-Ring,Pi-Ring,3.7125988185709375,
G,110,A,PHE,229,B,9,π-π interactions,Pi-Ring,Pi-Ring,5.472127743403241,
G,108,A,GLU,244,B,9,CH-O/N bonds,C8,OE1,3.524623384136237,
A,112,A,GLY,210,B,9,CH-O/N bonds,C2,O,3.4693747275265596,
A,107,A,LYS,155,B,9,CH-O/N bonds,O3',CD,3.281817941324596,
A,107,A,LYS,155,B,9,CH-O/N bonds,O4',CE,3.1653420036387847,
C,106,A,LEU,157,B,9,CH-O/N bonds,O4',CD1,3.4451560196890947,
U,104,A,PHE,160,B,9,CH-O/N bonds,O4',CD1,3.173402905399818,
U,104,A,PHE,160,B,9,CH-O/N bonds,O2,CD1,3.3688943290046964,
U,104,A,PHE,160,B,9,CH-O/N bonds,O4',CE1,3.29680603008427,
C,106,A,PHE,160,B,9,CH-O/N bonds,OP1,CZ,3.2270540745391907,
C,105,A,PHE,162,B,9,CH-O/N bonds,O2,CE1,3.3574408408786587,
C,106,A,PHE,162,B,9,CH-O/N bonds,O4',CE2,3.1318253463435677,
C,105,A,PHE,162,B,9,CH-O/N bonds,O4',CZ,3.3048524929261225,
C,105,A,LYS,194,B,9,CH-O/N bonds,O2,CB,3.5581402445659744,
C,105,A,LYS,194,B,9,CH-O/N bonds,O2,CG,3.5581134046008147,
C,105,A,LYS,194,B,9,CH-O/N bonds,O2',CD,3.51295118098729,
A,107,A,PRO,196,B,9,CH-O/N bonds,N1,CA,3.1551773325757804,
A,112,A,SER,212,B,9,CH-O/N bonds,N3,CB,3.155211878780885,
G,111,A,TRP,213,B,9,CH-O/N bonds,O4',CZ2,3.0434468945588655,
G,111,A,GLN,214,B,9,CH-O/N bonds,N3,CB,3.3168210684328447,
G,111,A,GLN,214,B,9,CH-O/N bonds,N3,CG,3.3434109828138094,
A,112,A,ASP,215,B,9,CH-O/N bonds,N1,CB,3.350592932601635,
G,111,A,LYS,217,B,9,CH-O/N bonds,O6,CE,3.1322239702805414,
G,110,A,PHE,229,B,9,CH-O/N bonds,O6,CA,3.2981628219358736,
G,110,A,PHE,229,B,9,CH-O/N bonds,O6,CD2,3.517973990807778,
G,108,A,ILE,279,B,9,CH-O/N bonds,O5',CD1,3.3828588501443524,
C,105,A,PHE,160,B,9,CH-π interactions,C4'(H4'),Pi-Ring,3.71,
U,104,A,ARG,130,B,9,CH-π interactions,CB(HB3),Pi-Ring,3.42,
U,109,A,LEU,157,B,9,CH-π interactions,CA(HA),Pi-Ring,4.46,
C,105,A,LYS,194,B,9,CH-π interactions,CE(HE3),Pi-Ring,4.03,
A,112,A,GLN,214,B,9,CH-π interactions,CB(HB2),Pi-Ring,4.3,
U,104,A,ARG,130,B,9,Apolar vdW contacts,C5,CB,3.47,
A,103,A,GLN,186,B,9,Proximal contacts,N6,OE1,3.19,
U,104,A,PHE,128,B,9,Proximal contacts,O2',CE1,3.84,
U,104,A,PRO,131,B,9,Proximal contacts,O4,CA,3.85,
C,105,A,SER,193,B,9,Proximal contacts,N3,CA,3.67,
C,105,A,VAL,191,B,9,Proximal contacts,N4,CG2,3.71,
C,106,A,ARG,126,B,9,Proximal contacts,O2,NH1,3.2,
C,106,A,LYS,155,B,9,Proximal contacts,O2,CD,3.64,
C,106,A,SER,193,B,9,Proximal contacts,N4,CB,3.55,
C,106,A,LEU,195,B,9,Proximal contacts,N4,N,4.59,
A,107,A,ILE,279,B,9,Proximal contacts,C3',CD1,4.81,
A,107,A,SER,193,B,9,Proximal contacts,N1,OG,4.91,
A,107,A,ALA,197,B,9,Proximal contacts,N1,N,4.52,
G,108,A,GLU,153,B,9,Proximal contacts,OP2,OE2,4.44,
G,108,A,ARG,201,B,9,Proximal contacts,C8,NH1,4.94,
G,108,A,THR,228,B,9,Proximal contacts,O6,O,3.75,
U,109,A,ASN,158,B,9,Proximal contacts,O2',OD1,4.38,
U,109,A,ILE,156,B,9,Proximal contacts,N3,O,3.23,
U,109,A,GLN,137,B,9,Proximal contacts,O4,OE1,3.93,
G,110,A,LYS,217,B,9,Proximal contacts,O6,CD,3.87,
G,110,A,THR,228,B,9,Proximal contacts,O6,O,4.33,
G,110,A,SER,231,B,9,Proximal contacts,N2,CA,4.32,
G,111,A,ASP,215,B,9,Proximal contacts,N2,N,4.82,
A,112,A,ASP,218,B,9,Proximal contacts,N6,OD2,4.59,
A,112,A,CYS,211,B,9,Proximal contacts,C2,C,4.38,
U,104,A,GLY,159,B,9,Clashes,O2,O,2.9,
C,105,A,TYR,192,B,9,Clashes,N4,O,3.05,
C,106,A,LYS,194,B,9,Clashes,N4,N,2.93,
A,107,A,ARG,126,B,9,Clashes,O2',NH2,2.94,
A,107,A,LYS,194,B,9,Clashes,N6,O,2.8,
A,107,A,LEU,195,B,9,Clashes,N6,O,2.92,
G,110,A,SER,230,B,9,Clashes,N1,O,2.62,
G,111,A,ASP,218,B,9,Clashes,N2,OD2,2.86,
C,105,A,PHE,160,B,9,lp-π interactions,O4',Pi-Ring,4.21,
G,110,A,TRP,213,B,9,lp-π interactions,N3,Pi-Ring,3.93,
G,108,A,ARG,199,B,10,Salt-bridge,OP1,NH2,2.83,
C,105,A,PHE,128,B,10,π-π interactions,Pi-Ring,Pi-Ring,3.484082806134207,
C,106,A,PHE,162,B,10,π-π interactions,Pi-Ring,Pi-Ring,3.465403796417125,
G,108,A,PHE,229,B,10,π-π interactions,Pi-Ring,Pi-Ring,3.6507818915614614,
G,110,A,TRP,213,B,10,π-π interactions,Pi-Ring,Pi-Ring,3.484350569171949,
U,104,A,ARG,130,B,10,Cation-π interactions,NE,Pi-Ring,4.89,
U,104,A,ARG,130,B,10,CH-O/N bonds,O2,CB,3.0936176234305366,
C,106,A,LYS,155,B,10,CH-O/N bonds,O2,CD,3.308504949369125,
A,107,A,LYS,155,B,10,CH-O/N bonds,O2',CD,3.58798954847976,
A,107,A,LYS,155,B,10,CH-O/N bonds,O4',CE,3.2635701310068383,
C,106,A,LEU,157,B,10,CH-O/N bonds,O4',CD1,3.4332684136257106,
U,104,A,PHE,160,B,10,CH-O/N bonds,O3',CE1,3.5293187727945456,
C,106,A,PHE,160,B,10,CH-O/N bonds,OP1,CZ,3.2092399411698707,
C,105,A,PHE,162,B,10,CH-O/N bonds,O4',CE1,3.5378554238408326,
C,105,A,PHE,162,B,10,CH-O/N bonds,O2,CE1,3.297445223199318,
C,106,A,PHE,162,B,10,CH-O/N bonds,O4',CE2,3.0868423996051377,
C,105,A,PHE,162,B,10,CH-O/N bonds,O4',CZ,3.2681679883384214,
C,105,A,SER,193,B,10,CH-O/N bonds,O2,CA,3.566838095568678,
C,105,A,LYS,194,B,10,CH-O/N bonds,O2,CD,3.147769368934134,
A,107,A,PRO,196,B,10,CH-O/N bonds,N1,CA,3.372601666369748,
G,111,A,TRP,213,B,10,CH-O/N bonds,N7,CH2,3.537878601648169,
G,111,A,GLN,214,B,10,CH-O/N bonds,N3,CB,3.449786370197438,
G,111,A,GLN,214,B,10,CH-O/N bonds,O4',CG,3.572399193819188,
G,111,A,GLN,214,B,10,CH-O/N bonds,N3,CG,3.260124844235262,
A,112,A,GLN,214,B,10,CH-O/N bonds,N7,CG,3.506018539597303,
G,111,A,LYS,217,B,10,CH-O/N bonds,O6,CB,3.539991807900126,
G,110,A,LYS,217,B,10,CH-O/N bonds,O6,CE,2.9873864831989856,
G,110,A,PHE,229,B,10,CH-O/N bonds,O6,CA,3.299225818279191,
G,110,A,PHE,229,B,10,CH-O/N bonds,O6,CD2,3.340877279996977,
U,109,A,PHE,229,B,10,CH-O/N bonds,O4,CZ,3.498786361011486,
G,108,A,ILE,279,B,10,CH-O/N bonds,O5',CG1,3.5232641115874372,
G,108,A,ILE,279,B,10,CH-O/N bonds,O4',CG1,3.3566253886902544,
G,108,A,ILE,279,B,10,CH-O/N bonds,O4',CG2,3.445639273052244,
C,105,A,PHE,160,B,10,CH-π interactions,C4'(H4'),Pi-Ring,3.72,
U,104,A,ARG,130,B,10,CH-π interactions,CD(HD2),Pi-Ring,4.0,
C,105,A,LYS,194,B,10,CH-π interactions,CE(HE3),Pi-Ring,4.01,
G,111,A,GLN,214,B,10,CH-π interactions,CA(HA),Pi-Ring,4.36,
A,112,A,GLN,214,B,10,CH-π interactions,CB(HB2),Pi-Ring,3.67,
U,104,A,GLY,159,B,10,Proximal contacts,O4',O,4.23,
U,104,A,PHE,128,B,10,Proximal contacts,O2',CZ,3.62,
U,104,A,PRO,131,B,10,Proximal contacts,O2,N,4.47,
C,105,A,VAL,191,B,10,Proximal contacts,N4,CG2,3.74,
C,106,A,ARG,126,B,10,Proximal contacts,O2,NH1,3.17,
C,106,A,SER,193,B,10,Proximal contacts,N4,CB,3.3,
C,106,A,LEU,195,B,10,Proximal contacts,N4,N,4.73,
A,107,A,LYS,194,B,10,Proximal contacts,N1,O,3.67,
A,107,A,ALA,197,B,10,Proximal contacts,N1,N,4.71,
G,108,A,GLU,244,B,10,Proximal contacts,N7,OE1,3.15,
G,108,A,THR,228,B,10,Proximal contacts,O6,O,3.92,
U,109,A,SER,231,B,10,Proximal contacts,O4,OG,4.61,
G,110,A,THR,228,B,10,Proximal contacts,O6,O,4.24,
G,110,A,SER,231,B,10,Proximal contacts,N2,CA,4.35,
G,111,A,ARG,221,B,10,Proximal contacts,O6,NE,4.89,
G,111,A,ASP,215,B,10,Proximal contacts,N2,OD1,4.55,
A,112,A,ASP,218,B,10,Proximal contacts,N6,OD1,4.8,
A,112,A,GLY,210,B,10,Proximal contacts,C2,O,4.44,
C,105,A,TYR,192,B,10,Clashes,N4,O,2.99,
C,106,A,LYS,194,B,10,Clashes,N4,N,3.08,
A,107,A,LEU,195,B,10,Clashes,N6,O,2.7,
A,107,A,ARG,126,B,10,Clashes,N3,NH1,3.03,
G,110,A,SER,230,B,10,Clashes,N1,O,2.66,
G,111,A,ASP,218,B,10,Clashes,N2,OD1,2.91,
A,112,A,ASP,215,B,10,Clashes,N6,OD1,2.79,
A,112,A,SER,212,B,10,Clashes,C2,CB,3.09,
C,105,A,PHE,160,B,10,lp-π interactions,O4',Pi-Ring,4.28,
G,108,A,PHE,229,B,10,lp-π interactions,N7,Pi-Ring,3.08,
G,110,A,TRP,213,B,10,lp-π interactions,N3,Pi-Ring,3.51,
